[
  {
    "id": "628981722242@s.whatsapp.net",
    "expired": 1751118298391
  },
  {
    "id": "6288219867559@s.whatsapp.net",
    "expired": 865749308730818
  },
  {
    "id": "6283133041554@s.whatsapp.net",
    "expired": 10389308743980
  },
  {
    "id": "6288294511401@s.whatsapp.net",
    "expired": 1750002781863
  },
  {
    "id": "6285783674636@s.whatsapp.net",
    "expired": 1750633819222
  },
  {
    "id": "6285930477558@s.whatsapp.net",
    "expired": 1752131362131
  },
  {
    "id": "6282192759322@s.whatsapp.net",
    "expired": 864000001749627800000
  },
  {
    "id": "6287769090064@s.whatsapp.net",
    "expired": 1752306362433
  },
  {
    "id": "6283127097700@s.whatsapp.net",
    "expired": 1750483256889
  },
  {
    "id": "6287722674518@s.whatsapp.net",
    "expired": 8.640000000000018e+26
  },
  {
    "id": "6285184885620@s.whatsapp.net",
    "expired": 1755066108404
  },
  {
    "id": "62882000254692@s.whatsapp.net",
    "expired": 86401749795934980
  },
  {
    "id": "6288246552068@s.whatsapp.net",
    "expired": 543304503848557700000
  },
  {
    "id": "@s.whatsapp.net",
    "expired": 1752754151818
  },
  {
    "id": "6283832359781@s.whatsapp.net",
    "expired": 1751380015815
  },
  {
    "id": "6289507651926@s.whatsapp.net",
    "expired": 1751266430382
  }
]